churn,idade,mensalidade_r$,tempo_contrato_meses,chamados_suporte,score_satisfacao
0,64,79.58,68,1,8.9
0,22,88.48,67,0,7.0
0,28,117.7,70,0,5.3
0,31,211.83,63,2,10.0
0,28,112.87,46,2,4.8
0,63,125.1,17,1,7.1
0,67,140.56,24,2,5.9
0,51,118.39,51,0,7.3
0,20,211.23,37,0,8.1
0,23,98.74,1,0,5.6
0,36,149.77,57,0,6.9
0,42,126.42,62,1,6.9
0,53,144.85,63,3,5.3
0,45,72.93,30,1,9.2
0,33,190.72,27,1,7.4
0,27,115.14,53,0,6.6
0,57,121.37,49,0,5.9
0,59,82.6,57,1,6.5
0,19,90.81,55,0,7.3
0,24,142.57,2,1,6.2
0,43,159.46,62,2,9.3
0,40,150.13,63,0,2.5
0,68,168.36,18,3,3.2
0,47,148.58,8,0,6.6
0,41,121.14,55,0,3.8
0,42,153.46,11,0,7.0
0,55,143.74,64,0,5.9
0,51,115.98,33,1,8.1
0,27,149.04,7,1,7.8
0,60,171.43,18,3,9.4
0,61,129.38,71,2,8.7
0,72,105.75,47,3,9.3
0,62,148.75,64,2,8.0
0,34,196.03,14,2,9.0
0,36,111.58,20,2,8.0
0,54,116.31,45,2,6.0
1,55,114.54,26,5,4.8
0,57,168.92,55,1,4.9
0,67,46.51,8,1,8.0
0,34,134.63,69,3,2.8
0,71,167.69,24,0,7.4
0,18,87.46,29,1,5.7
0,22,179.56,51,3,8.4
0,73,141.41,21,0,7.4
0,71,98.04,2,1,5.7
0,35,128.17,42,3,7.1
0,25,58.62,28,1,3.0
0,35,97.38,47,1,7.6
0,20,193.08,63,3,7.9
0,68,84.25,66,0,3.8
0,55,193.78,49,4,8.6
0,51,116.74,42,0,6.9
0,31,159.79,48,4,7.4
0,44,121.76,32,3,4.5
0,28,30.34,25,3,8.2
0,62,97.09,22,0,8.1
0,45,127.59,35,1,7.1
0,19,73.96,52,2,5.3
0,32,66.1,13,1,8.5
0,58,134.65,46,0,9.3
0,47,94.02,25,1,7.8
0,39,52.17,6,2,8.9
0,32,92.64,42,1,6.0
0,23,154.43,22,1,7.4
0,52,101.05,3,0,7.8
0,55,157.39,12,2,7.4
0,47,181.09,48,0,10.0
0,71,121.3,36,2,7.9
0,70,74.81,20,2,6.1
0,29,67.94,28,1,8.6
1,52,118.95,30,1,5.2
0,53,155.24,12,2,7.8
0,32,130.76,41,0,8.5
1,34,141.89,38,2,6.3
0,45,102.27,35,3,6.6
0,60,132.02,47,1,5.5
0,34,101.15,17,1,7.4
0,59,106.98,25,1,5.9
0,55,68.31,35,2,10.0
0,30,57.11,60,1,8.3
0,40,100.72,16,0,6.8
0,65,75.7,8,0,4.6
0,66,81.65,68,2,10.0
0,55,146.84,5,2,9.5
0,18,115.72,24,1,8.0
0,56,236.57,51,0,7.5
0,30,157.05,19,1,7.5
0,64,94.67,40,0,6.3
0,70,151.12,51,2,10.0
0,42,134.27,54,1,7.6
0,72,92.57,31,2,4.6
0,61,164.1,67,0,6.0
0,36,88.99,25,1,2.5
0,68,30.0,37,3,8.4
0,39,151.76,70,0,8.6
0,23,95.31,59,2,10.0
0,51,179.44,41,0,10.0
0,66,94.01,47,1,5.8
0,55,72.75,7,1,8.0
0,40,181.94,37,1,9.0
0,69,76.98,16,1,8.6
0,45,128.14,36,2,6.3
0,39,177.99,66,0,8.6
0,26,124.58,71,0,8.1
0,30,116.78,41,3,9.6
0,57,124.1,25,0,7.1
0,63,153.56,61,2,6.7
0,34,87.73,31,2,6.3
0,53,144.43,25,5,6.5
0,67,143.08,34,1,5.8
1,26,213.31,44,3,6.6
0,33,106.54,46,0,8.1
0,47,83.41,20,0,8.0
0,50,149.43,5,0,9.5
0,40,104.11,44,2,9.1
0,40,131.56,47,2,8.3
0,25,125.3,28,0,5.1
0,52,166.74,3,2,8.2
0,71,93.73,1,1,9.2
0,29,116.31,27,2,4.8
0,63,30.0,52,1,5.1
0,28,84.4,32,0,5.4
0,20,181.45,69,1,5.3
0,60,92.74,41,2,6.6
0,28,91.94,55,3,5.4
0,60,71.28,41,2,7.8
1,36,143.19,15,0,4.9
0,50,127.12,43,0,6.9
0,71,72.53,12,1,6.2
1,70,146.7,2,7,5.4
0,45,130.4,65,1,9.0
0,29,150.16,24,1,7.2
0,32,94.34,67,1,8.1
0,66,189.52,53,1,6.5
0,51,136.39,13,3,8.4
0,27,115.32,30,2,8.2
0,68,99.25,10,0,6.8
0,72,110.21,59,1,3.9
0,73,154.35,67,4,8.6
0,53,109.24,39,1,8.3
0,73,163.13,19,2,7.4
0,52,143.23,41,2,7.5
0,46,173.86,55,1,7.3
0,73,152.56,49,2,7.5
0,52,117.48,18,2,5.3
0,62,43.63,70,0,7.0
0,37,131.94,69,4,7.7
0,63,151.56,1,1,6.0
0,73,126.52,2,0,5.4
0,21,142.26,9,0,10.0
0,48,101.14,10,2,8.2
0,39,104.78,7,1,6.6
0,20,82.3,31,0,6.2
0,22,174.48,15,0,2.3
1,33,126.34,29,2,4.5
0,29,100.3,2,2,6.7
0,58,66.73,64,0,9.4
0,30,113.87,71,1,3.4
0,53,177.71,37,1,5.8
0,66,138.48,11,1,10.0
0,46,91.02,50,0,8.3
0,25,177.18,34,0,7.9
1,21,177.14,47,4,9.3
0,34,159.23,63,2,6.9
0,41,151.55,17,1,6.8
0,46,166.23,34,0,8.4
0,35,141.73,45,1,8.6
0,66,151.0,18,4,5.2
0,50,88.8,17,0,9.9
0,73,179.98,21,1,4.0
0,71,129.25,51,0,5.9
0,58,200.97,30,0,10.0
0,19,38.31,65,0,6.2
0,30,148.22,22,0,8.3
0,60,159.26,45,0,5.3
0,49,106.28,34,0,6.5
0,71,138.1,24,0,5.8
0,58,149.93,30,1,6.4
0,64,143.1,68,1,8.3
0,20,98.41,6,2,10.0
0,34,114.32,14,1,8.7
0,56,160.76,63,0,9.9
0,54,171.09,27,2,6.2
0,38,123.96,69,3,9.8
0,27,123.08,40,0,8.1
0,51,128.02,40,2,9.6
0,22,161.51,23,1,6.4
0,56,77.84,7,1,6.7
0,63,66.84,27,0,9.6
0,56,124.97,65,1,8.2
0,21,75.74,36,0,7.3
0,47,96.52,26,0,5.9
0,35,123.45,7,0,6.9
0,49,139.3,28,1,8.0
0,56,77.12,44,2,8.4
0,29,152.06,19,0,6.1
0,20,49.05,32,3,6.5
0,46,141.82,66,1,7.9
0,53,56.89,40,0,5.1
0,25,69.0,50,2,8.8
0,70,145.69,22,1,7.1
0,45,103.75,22,1,6.8
0,73,88.18,20,0,2.7
0,48,102.21,27,1,4.2
0,59,138.6,68,3,5.2
1,62,117.84,31,4,6.0
0,46,118.82,45,2,5.0
0,40,162.19,28,0,7.7
0,56,91.34,15,1,7.2
0,19,101.12,48,1,6.5
0,53,99.1,16,1,3.3
0,48,166.76,68,1,9.5
0,26,159.66,53,2,6.5
0,29,171.48,4,2,8.1
0,19,118.65,70,1,5.8
0,60,113.73,61,0,7.0
0,57,154.11,2,3,8.2
0,40,104.22,61,1,7.4
0,72,153.23,49,0,8.7
0,39,148.97,16,0,6.7
0,35,92.07,63,1,10.0
0,69,116.67,70,2,3.6
0,22,115.23,46,4,6.0
0,40,189.33,63,1,8.8
0,19,223.51,30,0,6.5
0,37,116.0,52,1,6.2
0,59,120.56,48,2,3.8
0,37,30.0,8,1,9.1
0,46,128.46,15,4,3.6
0,45,119.72,32,1,7.9
0,21,77.09,23,1,7.3
0,23,151.42,54,2,8.6
0,35,57.37,59,2,9.6
0,49,111.41,40,0,5.7
0,22,125.55,21,2,5.5
0,70,70.04,5,0,6.4
0,66,154.27,67,3,3.9
0,50,162.22,55,1,8.4
0,59,64.54,35,0,6.2
0,60,63.69,30,2,7.2
0,18,144.09,65,0,4.9
0,71,118.78,16,0,7.0
0,20,71.54,24,1,5.8
0,66,108.19,25,0,6.8
0,65,115.7,40,0,5.0
0,60,114.28,8,2,8.8
0,25,153.1,18,0,5.8
1,64,135.37,26,0,2.3
0,72,190.78,58,2,8.1
0,64,174.97,2,0,6.4
0,57,147.14,34,0,5.3
0,32,163.08,71,3,10.0
0,49,172.95,19,2,6.8
1,45,148.24,10,0,4.5
0,67,70.97,70,2,5.8
0,37,154.38,25,1,7.6
0,41,122.89,40,1,6.5
1,32,184.75,22,1,9.2
0,45,123.74,45,0,8.8
0,50,141.04,33,1,5.5
0,44,133.19,60,1,7.0
0,36,187.25,25,1,8.1
0,49,127.09,34,1,6.2
0,53,109.22,64,0,6.1
0,27,132.36,49,2,8.5
0,51,102.42,14,1,7.7
0,58,126.48,45,1,4.4
0,23,119.7,71,1,5.9
1,53,130.86,18,4,6.2
1,43,196.93,28,0,6.7
0,71,103.77,50,0,5.6
0,40,121.48,70,4,9.3
0,35,112.02,51,1,5.2
0,58,146.9,24,0,5.0
0,67,72.74,56,1,7.3
0,23,92.29,6,1,2.9
1,24,118.42,48,0,5.1
0,27,141.85,60,1,8.1
0,37,118.15,59,0,4.5
0,47,99.99,12,1,5.4
0,50,85.33,37,2,8.9
0,41,140.47,53,2,7.8
0,68,177.69,28,2,7.0
0,55,132.92,63,0,7.4
0,27,127.53,71,0,5.7
0,36,137.75,16,1,7.5
0,29,82.29,10,0,6.6
0,29,107.53,23,0,10.0
0,66,109.28,28,1,7.9
0,71,131.81,41,1,6.3
0,42,118.72,25,1,6.9
0,31,71.34,62,0,7.0
0,65,165.01,5,0,4.5
0,26,187.7,61,1,5.5
0,25,109.47,12,1,9.7
0,33,135.95,35,1,4.4
0,38,130.69,67,0,5.9
0,37,151.39,41,1,8.8
0,33,60.81,63,0,9.7
0,30,184.52,58,0,5.1
0,53,101.29,15,1,9.6
0,48,170.57,12,1,6.3
0,55,123.23,8,0,9.9
0,71,104.42,67,1,7.9
0,71,114.38,49,0,6.5
0,25,155.89,62,0,8.3
0,63,85.47,5,0,8.0
0,41,104.99,17,1,5.6
0,64,100.71,7,1,10.0
0,56,51.38,45,1,6.4
0,21,172.02,38,1,9.0
0,68,143.16,52,0,6.1
0,70,119.15,43,1,3.7
0,74,166.55,46,0,5.0
0,21,81.74,46,0,6.8
0,26,117.06,6,3,8.2
0,53,189.02,36,1,10.0
0,48,159.19,5,2,7.1
0,23,30.98,49,0,6.5
1,68,30.0,16,1,4.8
0,31,78.48,14,0,6.9
0,21,162.45,8,2,7.5
0,67,101.1,28,0,3.0
0,51,111.29,35,3,9.3
0,19,144.33,33,2,9.0
0,27,84.59,53,1,10.0
0,68,128.52,8,2,5.3
0,61,151.68,41,0,7.0
0,67,138.68,48,2,7.0
0,71,135.84,65,2,4.6
0,35,95.92,56,2,5.4
0,48,140.57,35,1,5.2
0,39,102.89,30,1,7.9
0,18,172.2,32,1,7.7
0,31,222.8,50,4,9.4
0,21,90.4,10,1,6.2
0,24,33.02,7,0,4.4
0,41,102.98,68,0,7.8
0,70,135.07,37,2,7.6
0,66,162.01,48,2,8.2
0,54,163.16,38,1,9.2
0,31,88.64,70,1,5.9
0,25,88.27,27,1,8.4
0,56,170.69,67,0,5.2
0,59,76.3,11,2,7.2
0,41,163.61,7,1,8.2
0,25,110.92,70,2,6.8
0,33,150.66,43,2,7.4
0,74,148.25,65,0,4.5
0,58,151.07,35,4,5.8
0,50,152.82,26,1,7.2
0,35,80.42,54,0,4.8
1,67,131.9,31,3,5.4
0,39,120.56,4,2,10.0
0,43,132.34,16,0,7.4
0,61,169.33,47,0,5.5
0,41,109.16,43,0,5.1
0,46,91.52,44,0,9.4
1,19,90.88,5,0,1.9
0,62,107.57,27,0,6.3
0,34,150.1,54,0,8.0
0,47,87.41,9,1,5.8
0,49,166.37,56,6,7.8
0,27,131.62,49,0,4.9
0,31,110.96,61,0,6.8
0,43,66.73,4,1,6.9
0,23,129.8,20,3,6.8
0,67,147.66,24,1,7.1
0,37,49.37,30,1,6.9
0,50,167.68,2,1,8.8
0,26,185.91,65,0,6.3
0,72,133.54,22,1,5.7
0,44,139.67,30,0,6.3
0,18,216.55,18,1,6.2
0,37,169.28,14,2,4.0
0,37,84.09,44,1,3.3
0,31,119.33,52,1,4.3
0,61,113.72,49,3,7.3
0,73,113.96,18,2,5.6
0,57,30.0,51,2,6.0
0,28,150.28,13,1,10.0
0,49,94.53,30,0,8.8
0,44,126.55,65,0,6.4
0,55,114.55,54,0,5.6
0,65,154.84,13,3,9.2
0,67,108.17,47,1,5.4
0,63,88.18,24,1,9.0
0,56,141.3,38,2,7.8
0,43,176.2,6,0,9.3
0,49,107.21,56,0,5.5
0,28,174.8,70,3,8.4
0,50,130.49,69,4,3.5
0,47,98.69,53,2,6.4
0,55,181.01,35,1,8.7
0,44,87.25,31,1,8.0
0,36,160.56,69,2,3.4
0,47,100.07,17,4,8.0
0,56,138.01,45,1,7.6
0,29,70.63,50,1,6.6
0,53,86.5,28,0,5.4
0,37,162.6,30,2,6.2
0,62,127.52,34,1,5.7
0,51,121.53,8,2,8.5
0,45,102.41,47,2,7.6
0,20,137.86,65,1,8.7
0,19,64.11,23,0,8.0
0,31,75.2,46,0,4.4
0,48,113.69,66,3,7.0
0,45,86.63,35,2,10.0
0,66,91.98,28,1,4.7
0,25,117.14,42,1,7.3
0,54,114.5,45,2,5.3
0,40,111.1,46,1,5.1
0,54,186.61,62,4,7.1
0,23,160.44,23,3,8.4
0,40,169.19,59,1,8.1
0,26,118.87,5,1,7.6
0,38,99.81,48,2,8.5
0,28,61.84,33,1,3.8
0,58,106.07,51,1,8.2
0,56,36.56,1,0,7.5
0,22,96.65,54,1,6.4
0,35,150.57,13,1,6.7
0,67,184.86,42,1,5.2
0,69,158.62,37,0,8.8
0,67,85.54,31,1,5.4
0,24,139.7,54,1,4.1
0,72,88.43,64,4,6.7
0,41,152.92,68,1,5.7
0,25,115.55,12,0,6.6
0,58,154.33,20,2,9.5
0,24,222.92,10,1,6.5
0,20,156.9,40,2,7.0
0,68,213.3,23,0,10.0
0,24,127.1,1,1,4.2
0,40,106.81,17,0,7.4
0,68,173.35,71,0,8.9
0,33,188.97,70,1,9.5
0,33,97.8,37,0,10.0
0,39,123.07,38,2,5.6
0,61,62.62,24,0,7.9
0,55,112.0,63,4,6.6
0,35,155.53,67,0,5.9
0,27,116.54,40,0,5.4
0,42,97.23,9,1,4.1
0,45,63.71,16,2,7.4
0,41,134.73,56,0,8.1
0,55,151.9,63,1,4.8
0,23,143.86,63,0,8.1
0,59,130.21,63,1,5.8
0,48,69.04,60,0,4.9
1,18,190.47,9,1,2.0
0,56,117.74,30,1,8.8
0,64,114.21,55,1,8.1
0,38,149.32,17,0,6.2
0,42,33.47,41,0,6.1
0,50,117.42,12,3,4.4
0,42,114.53,13,3,7.7
0,47,134.89,42,2,6.7
0,50,173.89,24,1,7.8
0,52,138.89,34,0,7.1
0,33,46.72,53,0,4.2
0,24,106.44,8,1,4.0
0,68,128.22,14,0,7.5
0,43,125.89,8,0,3.7
0,30,68.75,44,0,7.3
0,74,53.45,5,4,8.4
1,48,141.96,38,2,4.5
0,36,133.74,19,1,8.0
0,27,119.15,38,2,6.9
0,18,50.98,51,2,7.8
0,53,190.96,13,1,5.7
0,53,30.0,58,2,6.8
0,69,105.44,59,3,7.6
0,73,203.65,42,2,10.0
0,68,113.7,39,0,8.2
0,21,129.28,43,0,7.8
0,25,72.83,49,0,4.5
0,51,174.35,62,0,7.5
0,53,68.3,45,0,5.6
0,29,130.18,60,0,6.8
0,68,125.4,23,1,7.4
0,71,77.97,14,1,8.6
0,29,155.48,53,4,8.0
0,54,63.36,40,0,7.2
0,41,92.66,29,0,6.8
0,49,118.85,9,0,9.4
0,58,103.5,66,0,5.3
0,46,138.71,49,1,7.0
0,60,156.96,33,0,9.4
0,33,108.25,35,1,6.6
0,43,98.34,14,2,8.4
0,26,99.32,6,3,8.5
0,54,105.38,33,3,10.0
0,40,152.39,40,0,9.0
1,56,111.3,28,1,3.9
0,73,136.31,54,3,6.9
0,38,116.35,68,1,7.4
0,62,86.22,45,1,8.4
0,55,154.55,22,1,7.6
